Target,Port,Type,Status
147.185.221.31,20012,TCP,Online
147.185.221.31,20022,TCP,Online
147.185.221.31,20030,TCP,Online
147.185.221.31,20063,TCP,Online
147.185.221.31,20067,TCP,Online
147.185.221.31,20070,TCP,Online
147.185.221.31,20079,TCP,Online
147.185.221.31,20084,TCP,Online
147.185.221.31,20086,TCP,Online
147.185.221.31,20102,TCP,Online
147.185.221.31,20106,TCP,Online
147.185.221.31,20112,TCP,Online
147.185.221.31,20119,TCP,Online
147.185.221.31,20121,TCP,Online
147.185.221.31,20126,TCP,Online
147.185.221.31,20130,TCP,Online
147.185.221.31,20131,TCP,Online
147.185.221.31,20132,TCP,Online
147.185.221.31,20157,TCP,Online
147.185.221.31,20159,TCP,Online
147.185.221.31,20172,TCP,Online
147.185.221.31,20174,TCP,Online
147.185.221.31,20179,TCP,Online
147.185.221.31,20206,TCP,Online
147.185.221.31,20212,TCP,Online
147.185.221.31,20225,TCP,Online
147.185.221.31,20226,TCP,Online
147.185.221.31,20258,TCP,Online
147.185.221.31,20278,TCP,Online
147.185.221.31,20279,TCP,Online
147.185.221.31,20285,TCP,Online
147.185.221.31,20303,TCP,Online
147.185.221.31,20315,TCP,Online
147.185.221.31,20316,TCP,Online
147.185.221.31,20317,TCP,Online
147.185.221.31,20330,TCP,Online
147.185.221.31,20338,TCP,Online
147.185.221.31,20339,TCP,Online
147.185.221.31,20360,TCP,Online
147.185.221.31,20366,TCP,Online
147.185.221.31,20368,TCP,Online
147.185.221.31,20385,TCP,Online
147.185.221.31,20393,TCP,Online
147.185.221.31,20411,TCP,Online
147.185.221.31,20412,TCP,Online
147.185.221.31,20415,TCP,Online
147.185.221.31,20417,TCP,Online
147.185.221.31,20420,TCP,Online
147.185.221.31,20421,TCP,Online
147.185.221.31,20440,TCP,Online
147.185.221.31,20444,TCP,Online
147.185.221.31,20484,TCP,Online
147.185.221.31,20489,TCP,Online
147.185.221.31,20499,TCP,Online
147.185.221.31,20519,TCP,Online
147.185.221.31,20520,TCP,Online
147.185.221.31,20521,TCP,Online
147.185.221.31,20525,TCP,Online
147.185.221.31,20527,TCP,Online
147.185.221.31,20539,TCP,Online
147.185.221.31,20542,TCP,Online
147.185.221.31,20548,TCP,Online
147.185.221.31,20560,TCP,Online
147.185.221.31,20562,TCP,Online
147.185.221.31,20579,TCP,Online
147.185.221.31,20581,TCP,Online
147.185.221.31,20583,TCP,Online
147.185.221.31,20626,TCP,Online
147.185.221.31,20666,TCP,Online
147.185.221.31,20698,TCP,Online
147.185.221.31,20702,TCP,Online
147.185.221.31,20707,TCP,Online
147.185.221.31,20726,TCP,Online
147.185.221.31,20736,TCP,Online
147.185.221.31,20738,TCP,Online
147.185.221.31,20747,TCP,Online
147.185.221.31,20748,TCP,Online
147.185.221.31,20753,TCP,Online
147.185.221.31,20790,TCP,Online
147.185.221.31,20794,TCP,Online
147.185.221.31,20801,TCP,Online
147.185.221.31,20806,TCP,Online
147.185.221.31,20809,TCP,Online
147.185.221.31,20816,TCP,Online
147.185.221.31,20823,TCP,Online
147.185.221.31,20832,TCP,Online
147.185.221.31,20834,TCP,Online
147.185.221.31,20852,TCP,Online
147.185.221.31,20856,TCP,Online
147.185.221.31,20864,TCP,Online
147.185.221.31,20899,TCP,Online
147.185.221.31,20912,TCP,Online
147.185.221.31,20925,TCP,Online
147.185.221.31,20933,TCP,Online
147.185.221.31,20948,TCP,Online
147.185.221.31,20950,TCP,Online
147.185.221.31,20980,TCP,Online
147.185.221.31,21001,TCP,Online
147.185.221.31,21011,TCP,Online
147.185.221.31,21014,TCP,Online
147.185.221.31,21025,TCP,Online
147.185.221.31,21033,TCP,Online
147.185.221.31,21036,TCP,Online
147.185.221.31,21038,TCP,Online
147.185.221.31,21045,TCP,Online
147.185.221.31,21060,TCP,Online
147.185.221.31,21063,TCP,Online
147.185.221.31,21065,TCP,Online
147.185.221.31,21070,TCP,Online
147.185.221.31,21072,TCP,Online
147.185.221.31,21092,TCP,Online
147.185.221.31,21098,TCP,Online
147.185.221.31,21100,TCP,Online
147.185.221.31,21152,TCP,Online
147.185.221.31,21168,TCP,Online
147.185.221.31,21194,TCP,Online
147.185.221.31,21198,TCP,Online
147.185.221.31,21209,TCP,Online
147.185.221.31,21210,TCP,Online
147.185.221.31,21211,TCP,Online
147.185.221.31,21226,TCP,Online
147.185.221.31,21227,TCP,Online
147.185.221.31,21238,TCP,Online
147.185.221.31,21240,TCP,Online
147.185.221.31,21247,TCP,Online
147.185.221.31,21248,TCP,Online
147.185.221.31,21249,TCP,Online
147.185.221.31,21259,TCP,Online
147.185.221.31,21320,TCP,Online
147.185.221.31,21336,TCP,Online
147.185.221.31,21340,TCP,Online
147.185.221.31,21343,TCP,Online
147.185.221.31,21351,TCP,Online
147.185.221.31,21355,TCP,Online
147.185.221.31,21363,TCP,Online
147.185.221.31,21371,TCP,Online
147.185.221.31,21374,TCP,Online
147.185.221.31,21378,TCP,Online
147.185.221.31,21393,TCP,Online
147.185.221.31,21398,TCP,Online
147.185.221.31,21428,TCP,Online
147.185.221.31,21434,TCP,Online
147.185.221.31,21448,TCP,Online
147.185.221.31,21451,TCP,Online
147.185.221.31,21452,TCP,Online
147.185.221.31,21494,TCP,Online
147.185.221.31,21506,TCP,Online
147.185.221.31,21511,TCP,Online
147.185.221.31,21518,TCP,Online
147.185.221.31,21528,TCP,Online
147.185.221.31,21573,TCP,Online
147.185.221.31,21583,TCP,Online
147.185.221.31,21618,TCP,Online
147.185.221.31,21622,TCP,Online
147.185.221.31,21628,TCP,Online
147.185.221.31,21631,TCP,Online
147.185.221.31,21649,TCP,Online
147.185.221.31,21650,TCP,Online
147.185.221.31,21663,TCP,Online
147.185.221.31,21664,TCP,Online
147.185.221.31,21665,TCP,Online
147.185.221.31,21671,TCP,Online
147.185.221.31,21688,TCP,Online
147.185.221.31,21693,TCP,Online
147.185.221.31,21695,TCP,Online
147.185.221.31,21697,TCP,Online
147.185.221.31,21702,TCP,Online
147.185.221.31,21703,TCP,Online
147.185.221.31,21720,TCP,Online
147.185.221.31,21723,TCP,Online
147.185.221.31,21726,TCP,Online
147.185.221.31,21729,TCP,Online
147.185.221.31,21750,TCP,Online
147.185.221.31,21756,TCP,Online
147.185.221.31,21762,TCP,Online
147.185.221.31,21764,TCP,Online
147.185.221.31,21771,TCP,Online
147.185.221.31,21788,TCP,Online
147.185.221.31,21803,TCP,Online
147.185.221.31,21808,TCP,Online
147.185.221.31,21811,TCP,Online
147.185.221.31,21823,TCP,Online
147.185.221.31,21831,TCP,Online
147.185.221.31,21849,TCP,Online
147.185.221.31,21886,TCP,Online
147.185.221.31,21887,TCP,Online
147.185.221.31,21892,TCP,Online
147.185.221.31,21894,TCP,Online
147.185.221.31,21895,TCP,Online
147.185.221.31,21916,TCP,Online
147.185.221.31,21932,TCP,Online
147.185.221.31,21947,TCP,Online
147.185.221.31,21953,TCP,Online
147.185.221.31,21960,TCP,Online
147.185.221.31,21963,TCP,Online
147.185.221.31,21968,TCP,Online
147.185.221.31,21970,TCP,Online
147.185.221.31,21973,TCP,Online
147.185.221.31,21974,TCP,Online
147.185.221.31,21982,TCP,Online
147.185.221.31,21986,TCP,Online
147.185.221.31,22017,TCP,Online
147.185.221.31,22018,TCP,Online
147.185.221.31,22019,TCP,Online
147.185.221.31,22032,TCP,Online
147.185.221.31,22033,TCP,Online
147.185.221.31,22037,TCP,Online
147.185.221.31,22039,TCP,Online
147.185.221.31,22042,TCP,Online
147.185.221.31,22043,TCP,Online
147.185.221.31,22048,TCP,Online
147.185.221.31,22049,TCP,Online
147.185.221.31,22053,TCP,Online
147.185.221.31,22058,TCP,Online
147.185.221.31,22062,TCP,Online
147.185.221.31,22074,TCP,Online
147.185.221.31,22091,TCP,Online
147.185.221.31,22097,TCP,Online
147.185.221.31,22105,TCP,Online
147.185.221.31,22109,TCP,Online
147.185.221.31,22127,TCP,Online
147.185.221.31,22129,TCP,Online
147.185.221.31,22141,TCP,Online
147.185.221.31,22155,TCP,Online
147.185.221.31,22160,TCP,Online
147.185.221.31,22162,TCP,Online
147.185.221.31,22167,TCP,Online
147.185.221.31,22171,TCP,Online
147.185.221.31,22173,TCP,Online
147.185.221.31,22177,TCP,Online
147.185.221.31,22189,TCP,Online
147.185.221.31,22190,TCP,Online
147.185.221.31,22198,TCP,Online
147.185.221.31,22201,TCP,Online
147.185.221.31,22220,TCP,Online
147.185.221.31,22223,TCP,Online
147.185.221.31,22230,TCP,Online
147.185.221.31,22231,TCP,Online
147.185.221.31,22238,TCP,Online
147.185.221.31,22239,TCP,Online
147.185.221.31,22243,TCP,Online
147.185.221.31,22247,TCP,Online
147.185.221.31,22248,TCP,Online
147.185.221.31,22255,TCP,Online
147.185.221.31,22258,TCP,Online
147.185.221.31,22259,TCP,Online
147.185.221.31,22266,TCP,Online
147.185.221.31,22280,TCP,Online
147.185.221.31,22281,TCP,Online
147.185.221.31,22303,TCP,Online
147.185.221.31,22304,TCP,Online
147.185.221.31,22307,TCP,Online
147.185.221.31,22320,TCP,Online
147.185.221.31,22329,TCP,Online
147.185.221.31,22330,TCP,Online
147.185.221.31,22333,TCP,Online
147.185.221.31,22343,TCP,Online
147.185.221.31,22349,TCP,Online
147.185.221.31,22353,TCP,Online
147.185.221.31,22357,TCP,Online
147.185.221.31,22369,TCP,Online
147.185.221.31,22378,TCP,Online
147.185.221.31,22382,TCP,Online
147.185.221.31,22384,TCP,Online
147.185.221.31,22402,TCP,Online
147.185.221.31,22409,TCP,Online
147.185.221.31,22411,TCP,Online
147.185.221.31,22412,TCP,Online
147.185.221.31,22414,TCP,Online
147.185.221.31,22422,TCP,Online
147.185.221.31,22427,TCP,Online
147.185.221.31,22429,TCP,Online
147.185.221.31,22432,TCP,Online
147.185.221.31,22440,TCP,Online
147.185.221.31,22443,TCP,Online
147.185.221.31,22456,TCP,Online
147.185.221.31,22459,TCP,Online
147.185.221.31,22487,TCP,Online
147.185.221.31,22493,TCP,Online
147.185.221.31,22502,TCP,Online
147.185.221.31,22518,TCP,Online
147.185.221.31,22534,TCP,Online
147.185.221.31,22539,TCP,Online
147.185.221.31,22541,TCP,Online
147.185.221.31,22545,TCP,Online
147.185.221.31,22547,TCP,Online
147.185.221.31,22559,TCP,Online
147.185.221.31,22588,TCP,Online
147.185.221.31,22590,TCP,Online
147.185.221.31,22609,TCP,Online
147.185.221.31,22622,TCP,Online
147.185.221.31,22633,TCP,Online
147.185.221.31,22653,TCP,Online
147.185.221.31,22660,TCP,Online
147.185.221.31,22669,TCP,Online
147.185.221.31,22674,TCP,Online
147.185.221.31,22679,TCP,Online
147.185.221.31,22690,TCP,Online
147.185.221.31,22691,TCP,Online
147.185.221.31,22697,TCP,Online
147.185.221.31,22720,TCP,Online
147.185.221.31,22726,TCP,Online
147.185.221.31,22749,TCP,Online
147.185.221.31,22753,TCP,Online
147.185.221.31,22758,TCP,Online
147.185.221.31,22763,TCP,Online
147.185.221.31,22773,TCP,Online
147.185.221.31,22776,TCP,Online
147.185.221.31,22784,TCP,Online
147.185.221.31,22817,TCP,Online
147.185.221.31,22822,TCP,Online
147.185.221.31,22823,TCP,Online
147.185.221.31,22853,TCP,Online
147.185.221.31,22856,TCP,Online
147.185.221.31,22871,TCP,Online
147.185.221.31,22883,TCP,Online
147.185.221.31,22922,TCP,Online
147.185.221.31,22924,TCP,Online
147.185.221.31,22928,TCP,Online
147.185.221.31,22935,TCP,Online
147.185.221.31,22944,TCP,Online
147.185.221.31,22956,TCP,Online
147.185.221.31,22971,TCP,Online
147.185.221.31,22974,TCP,Online
147.185.221.31,22982,TCP,Online
147.185.221.31,22987,TCP,Online
147.185.221.31,22995,TCP,Online
147.185.221.31,22997,TCP,Online
147.185.221.31,23011,TCP,Online
147.185.221.31,23019,TCP,Online
147.185.221.31,23025,TCP,Online
147.185.221.31,23030,TCP,Online
147.185.221.31,23039,TCP,Online
147.185.221.31,23044,TCP,Online
147.185.221.31,23049,TCP,Online
147.185.221.31,23069,TCP,Online
147.185.221.31,23071,TCP,Online
147.185.221.31,23084,TCP,Online
147.185.221.31,23086,TCP,Online
147.185.221.31,23110,TCP,Online
147.185.221.31,23113,TCP,Online
147.185.221.31,23120,TCP,Online
147.185.221.31,23128,TCP,Online
147.185.221.31,23141,TCP,Online
147.185.221.31,23144,TCP,Online
147.185.221.31,23149,TCP,Online
147.185.221.31,23165,TCP,Online
147.185.221.31,23171,TCP,Online
147.185.221.31,23172,TCP,Online
147.185.221.31,23181,TCP,Online
147.185.221.31,23183,TCP,Online
147.185.221.31,23186,TCP,Online
147.185.221.31,23190,TCP,Online
147.185.221.31,23193,TCP,Online
147.185.221.31,23194,TCP,Online
147.185.221.31,23209,TCP,Online
147.185.221.31,23212,TCP,Online
147.185.221.31,23214,TCP,Online
147.185.221.31,23217,TCP,Online
147.185.221.31,23218,TCP,Online
147.185.221.31,23219,TCP,Online
147.185.221.31,23226,TCP,Online
147.185.221.31,23228,TCP,Online
147.185.221.31,23237,TCP,Online
147.185.221.31,23240,TCP,Online
147.185.221.31,23245,TCP,Online
147.185.221.31,23248,TCP,Online
147.185.221.31,23250,TCP,Online
147.185.221.31,23254,TCP,Online
147.185.221.31,23262,TCP,Online
147.185.221.31,23289,TCP,Online
147.185.221.31,23302,TCP,Online
147.185.221.31,23303,TCP,Online
147.185.221.31,23307,TCP,Online
147.185.221.31,23313,TCP,Online
147.185.221.31,23318,TCP,Online
147.185.221.31,23321,TCP,Online
147.185.221.31,23338,TCP,Online
147.185.221.31,23348,TCP,Online
147.185.221.31,23353,TCP,Online
147.185.221.31,23363,TCP,Online
147.185.221.31,23380,TCP,Online
147.185.221.31,23385,TCP,Online
147.185.221.31,23404,TCP,Online
147.185.221.31,23406,TCP,Online
147.185.221.31,23413,TCP,Online
147.185.221.31,23414,TCP,Online
147.185.221.31,23418,TCP,Online
147.185.221.31,23419,TCP,Online
147.185.221.31,23420,TCP,Online
147.185.221.31,23425,TCP,Online
147.185.221.31,23430,TCP,Online
147.185.221.31,23433,TCP,Online
147.185.221.31,23435,TCP,Online
147.185.221.31,23438,TCP,Online
147.185.221.31,23450,TCP,Online
147.185.221.31,23480,TCP,Online
147.185.221.31,23493,TCP,Online
147.185.221.31,23495,TCP,Online
147.185.221.31,23511,TCP,Online
147.185.221.31,23521,TCP,Online
147.185.221.31,23535,TCP,Online
147.185.221.31,23536,TCP,Online
147.185.221.31,23542,TCP,Online
147.185.221.31,23550,TCP,Online
147.185.221.31,23561,TCP,Online
147.185.221.31,23564,TCP,Online
147.185.221.31,23577,TCP,Online
147.185.221.31,23586,TCP,Online
147.185.221.31,23587,TCP,Online
147.185.221.31,23596,TCP,Online
147.185.221.31,23605,TCP,Online
147.185.221.31,23611,TCP,Online
147.185.221.31,23612,TCP,Online
147.185.221.31,23617,TCP,Online
147.185.221.31,23619,TCP,Online
147.185.221.31,23620,TCP,Online
147.185.221.31,23622,TCP,Online
147.185.221.31,23628,TCP,Online
147.185.221.31,23641,TCP,Online
147.185.221.31,23642,TCP,Online
147.185.221.31,23656,TCP,Online
147.185.221.31,23657,TCP,Online
147.185.221.31,23668,TCP,Online
147.185.221.31,23681,TCP,Online
147.185.221.31,23686,TCP,Online
147.185.221.31,23688,TCP,Online
147.185.221.31,23689,TCP,Online
147.185.221.31,23692,TCP,Online
147.185.221.31,23695,TCP,Online
147.185.221.31,23696,TCP,Online
147.185.221.31,23697,TCP,Online
147.185.221.31,23704,TCP,Online
147.185.221.31,23705,TCP,Online
147.185.221.31,23712,TCP,Online
147.185.221.31,23743,TCP,Online
147.185.221.31,23746,TCP,Online
147.185.221.31,23750,TCP,Online
147.185.221.31,23781,TCP,Online
147.185.221.31,23783,TCP,Online
147.185.221.31,23788,TCP,Online
147.185.221.31,23814,TCP,Online
147.185.221.31,23815,TCP,Online
147.185.221.31,23819,TCP,Online
147.185.221.31,23869,TCP,Online
147.185.221.31,23871,TCP,Online
147.185.221.31,23885,TCP,Online
147.185.221.31,23926,TCP,Online
147.185.221.31,23940,TCP,Online
147.185.221.31,23949,TCP,Online
147.185.221.31,23951,TCP,Online
147.185.221.31,23962,TCP,Online
147.185.221.31,23963,TCP,Online
147.185.221.31,23974,TCP,Online
147.185.221.31,23984,TCP,Online
147.185.221.31,23987,TCP,Online
147.185.221.31,23999,TCP,Online
147.185.221.31,24003,TCP,Online
147.185.221.31,24004,TCP,Online
147.185.221.31,24015,TCP,Online
147.185.221.31,24016,TCP,Online
147.185.221.31,24022,TCP,Online
147.185.221.31,24025,TCP,Online
147.185.221.31,24028,TCP,Online
147.185.221.31,24030,TCP,Online
147.185.221.31,24032,TCP,Online
147.185.221.31,24033,TCP,Online
147.185.221.31,24034,TCP,Online
147.185.221.31,24040,TCP,Online
147.185.221.31,24041,TCP,Online
147.185.221.31,24051,TCP,Online
147.185.221.31,24056,TCP,Online
147.185.221.31,24058,TCP,Online
147.185.221.31,24064,TCP,Online
147.185.221.31,24066,TCP,Online
147.185.221.31,24069,TCP,Online
147.185.221.31,24079,TCP,Online
147.185.221.31,24098,TCP,Online
147.185.221.31,24105,TCP,Online
147.185.221.31,24112,TCP,Online
147.185.221.31,24115,TCP,Online
147.185.221.31,24120,TCP,Online
147.185.221.31,24122,TCP,Online
147.185.221.31,24131,TCP,Online
147.185.221.31,24132,TCP,Online
147.185.221.31,24133,TCP,Online
147.185.221.31,24134,TCP,Online
147.185.221.31,24149,TCP,Online
147.185.221.31,24154,TCP,Online
147.185.221.31,24160,TCP,Online
147.185.221.31,24170,TCP,Online
147.185.221.31,24177,TCP,Online
147.185.221.31,24178,TCP,Online
147.185.221.31,24190,TCP,Online
147.185.221.31,24197,TCP,Online
147.185.221.31,24204,TCP,Online
147.185.221.31,24207,TCP,Online
147.185.221.31,24215,TCP,Online
147.185.221.31,24218,TCP,Online
147.185.221.31,24220,TCP,Online
147.185.221.31,24222,TCP,Online
147.185.221.31,24226,TCP,Online
147.185.221.31,24243,TCP,Online
147.185.221.31,24246,TCP,Online
147.185.221.31,24255,TCP,Online
147.185.221.31,24258,TCP,Online
147.185.221.31,24274,TCP,Online
147.185.221.31,24279,TCP,Online
147.185.221.31,24286,TCP,Online
147.185.221.31,24302,TCP,Online
147.185.221.31,24303,TCP,Online
147.185.221.31,24309,TCP,Online
147.185.221.31,24311,TCP,Online
147.185.221.31,24315,TCP,Online
147.185.221.31,24344,TCP,Online
147.185.221.31,24345,TCP,Online
147.185.221.31,24357,TCP,Online
147.185.221.31,24392,TCP,Online
147.185.221.31,24399,TCP,Online
147.185.221.31,24403,TCP,Online
147.185.221.31,24409,TCP,Online
147.185.221.31,24410,TCP,Online
147.185.221.31,24411,TCP,Online
147.185.221.31,24418,TCP,Online
147.185.221.31,24421,TCP,Online
147.185.221.31,24431,TCP,Online
147.185.221.31,24442,TCP,Online
147.185.221.31,24446,TCP,Online
147.185.221.31,24448,TCP,Online
147.185.221.31,24464,TCP,Online
147.185.221.31,24471,TCP,Online
147.185.221.31,24492,TCP,Online
147.185.221.31,24494,TCP,Online
147.185.221.31,24496,TCP,Online
147.185.221.31,24501,TCP,Online
147.185.221.31,24504,TCP,Online
147.185.221.31,24508,TCP,Online
147.185.221.31,24510,TCP,Online
147.185.221.31,24513,TCP,Online
147.185.221.31,24536,TCP,Online
147.185.221.31,24546,TCP,Online
147.185.221.31,24562,TCP,Online
147.185.221.31,24567,TCP,Online
147.185.221.31,24591,TCP,Online
147.185.221.31,24616,TCP,Online
147.185.221.31,24630,TCP,Online
147.185.221.31,24643,TCP,Online
147.185.221.31,24661,TCP,Online
147.185.221.31,24666,TCP,Online
147.185.221.31,24671,TCP,Online
147.185.221.31,24681,TCP,Online
147.185.221.31,24683,TCP,Online
147.185.221.31,24711,TCP,Online
147.185.221.31,24715,TCP,Online
147.185.221.31,24719,TCP,Online
147.185.221.31,24732,TCP,Online
147.185.221.31,24760,TCP,Online
147.185.221.31,24765,TCP,Online
147.185.221.31,24769,TCP,Online
147.185.221.31,24772,TCP,Online
147.185.221.31,24783,TCP,Online
147.185.221.31,24785,TCP,Online
147.185.221.31,24800,TCP,Online
147.185.221.31,24802,TCP,Online
147.185.221.31,24811,TCP,Online
147.185.221.31,24822,TCP,Online
147.185.221.31,24840,TCP,Online
147.185.221.31,24843,TCP,Online
147.185.221.31,24849,TCP,Online
147.185.221.31,24850,TCP,Online
147.185.221.31,24853,TCP,Online
147.185.221.31,24867,TCP,Online
147.185.221.31,24877,TCP,Online
147.185.221.31,24883,TCP,Online
147.185.221.31,24890,TCP,Online
147.185.221.31,24894,TCP,Online
147.185.221.31,24899,TCP,Online
147.185.221.31,24901,TCP,Online
147.185.221.31,24905,TCP,Online
147.185.221.31,24906,TCP,Online
147.185.221.31,24931,TCP,Online
147.185.221.31,24958,TCP,Online
147.185.221.31,24966,TCP,Online
147.185.221.31,24975,TCP,Online
147.185.221.31,24984,TCP,Online
147.185.221.31,24993,TCP,Online
147.185.221.31,24995,TCP,Online
147.185.221.31,25000,TCP,Online
147.185.221.31,25010,TCP,Online
147.185.221.31,25031,TCP,Online
147.185.221.31,25035,TCP,Online
147.185.221.31,25041,TCP,Online
147.185.221.31,25057,TCP,Online
147.185.221.31,25063,TCP,Online
147.185.221.31,25064,TCP,Online
147.185.221.31,25072,TCP,Online
147.185.221.31,25073,TCP,Online
147.185.221.31,25076,TCP,Online
147.185.221.31,25086,TCP,Online
147.185.221.31,25118,TCP,Online
147.185.221.31,25155,TCP,Online
147.185.221.31,25164,TCP,Online
147.185.221.31,25186,TCP,Online
147.185.221.31,25191,TCP,Online
147.185.221.31,25198,TCP,Online
147.185.221.31,25202,TCP,Online
147.185.221.31,25212,TCP,Online
147.185.221.31,25216,TCP,Online
147.185.221.31,25234,TCP,Online
147.185.221.31,25243,TCP,Online
147.185.221.31,25247,TCP,Online
147.185.221.31,25262,TCP,Online
147.185.221.31,25265,TCP,Online
147.185.221.31,25275,TCP,Online
147.185.221.31,25280,TCP,Online
147.185.221.31,25281,TCP,Online
147.185.221.31,25286,TCP,Online
147.185.221.31,25288,TCP,Online
147.185.221.31,25290,TCP,Online
147.185.221.31,25294,TCP,Online
147.185.221.31,25310,TCP,Online
147.185.221.31,25319,TCP,Online
147.185.221.31,25327,TCP,Online
147.185.221.31,25341,TCP,Online
147.185.221.31,25349,TCP,Online
147.185.221.31,25354,TCP,Online
147.185.221.31,25368,TCP,Online
147.185.221.31,25382,TCP,Online
147.185.221.31,25388,TCP,Online
147.185.221.31,25411,TCP,Online
147.185.221.31,25430,TCP,Online
147.185.221.31,25431,TCP,Online
147.185.221.31,25436,TCP,Online
147.185.221.31,25444,TCP,Online
147.185.221.31,25450,TCP,Online
147.185.221.31,25468,TCP,Online
147.185.221.31,25477,TCP,Online
147.185.221.31,25480,TCP,Online
147.185.221.31,25484,TCP,Online
147.185.221.31,25485,TCP,Online
147.185.221.31,25493,TCP,Online
147.185.221.31,25565,TCP,Online
147.185.221.31,25622,TCP,Online
147.185.221.31,25625,TCP,Online
147.185.221.31,25630,TCP,Online
147.185.221.31,25634,TCP,Online
147.185.221.31,25636,TCP,Online
147.185.221.31,25660,TCP,Online
147.185.221.31,25665,TCP,Online
147.185.221.31,25683,TCP,Online
147.185.221.31,25686,TCP,Online
147.185.221.31,25697,TCP,Online
147.185.221.31,25705,TCP,Online
147.185.221.31,25707,TCP,Online
147.185.221.31,25719,TCP,Online
147.185.221.31,25724,TCP,Online
147.185.221.31,25728,TCP,Online
147.185.221.31,25730,TCP,Online
147.185.221.31,25760,TCP,Online
147.185.221.31,25776,TCP,Online
147.185.221.31,25777,TCP,Online
147.185.221.31,25780,TCP,Online
147.185.221.31,25808,TCP,Online
147.185.221.31,25812,TCP,Online
147.185.221.31,25866,TCP,Online
147.185.221.31,25869,TCP,Online
147.185.221.31,25873,TCP,Online
147.185.221.31,25880,TCP,Online
147.185.221.31,25890,TCP,Online
147.185.221.31,25892,TCP,Online
147.185.221.31,25896,TCP,Online
147.185.221.31,25899,TCP,Online
147.185.221.31,25900,TCP,Online
147.185.221.31,25911,TCP,Online
147.185.221.31,25921,TCP,Online
147.185.221.31,25923,TCP,Online
147.185.221.31,25937,TCP,Online
147.185.221.31,25939,TCP,Online
147.185.221.31,25942,TCP,Online
147.185.221.31,25947,TCP,Online
147.185.221.31,25948,TCP,Online
147.185.221.31,25984,TCP,Online
147.185.221.31,25987,TCP,Online
147.185.221.31,25996,TCP,Online
147.185.221.31,26020,TCP,Online
147.185.221.31,26029,TCP,Online
147.185.221.31,26034,TCP,Online
147.185.221.31,26047,TCP,Online
147.185.221.31,26052,TCP,Online
147.185.221.31,26061,TCP,Online
147.185.221.31,26063,TCP,Online
147.185.221.31,26079,TCP,Online
147.185.221.31,26081,TCP,Online
147.185.221.31,26088,TCP,Online
147.185.221.31,26097,TCP,Online
147.185.221.31,26102,TCP,Online
147.185.221.31,26118,TCP,Online
147.185.221.31,26127,TCP,Online
147.185.221.31,26128,TCP,Online
147.185.221.31,26135,TCP,Online
147.185.221.31,26142,TCP,Online
147.185.221.31,26144,TCP,Online
147.185.221.31,26166,TCP,Online
147.185.221.31,26177,TCP,Online
147.185.221.31,26181,TCP,Online
147.185.221.31,26188,TCP,Online
147.185.221.31,26190,TCP,Online
147.185.221.31,26204,TCP,Online
147.185.221.31,26209,TCP,Online
147.185.221.31,26217,TCP,Online
147.185.221.31,26224,TCP,Online
147.185.221.31,26227,TCP,Online
147.185.221.31,26241,TCP,Online
147.185.221.31,26249,TCP,Online
147.185.221.31,26260,TCP,Online
147.185.221.31,26269,TCP,Online
147.185.221.31,26272,TCP,Online
147.185.221.31,26277,TCP,Online
147.185.221.31,26279,TCP,Online
147.185.221.31,26289,TCP,Online
147.185.221.31,26295,TCP,Online
147.185.221.31,26296,TCP,Online
147.185.221.31,26304,TCP,Online
147.185.221.31,26306,TCP,Online
147.185.221.31,26307,TCP,Online
147.185.221.31,26308,TCP,Online
147.185.221.31,26314,TCP,Online
147.185.221.31,26328,TCP,Online
147.185.221.31,26332,TCP,Online
147.185.221.31,26350,TCP,Online
147.185.221.31,26354,TCP,Online
147.185.221.31,26356,TCP,Online
147.185.221.31,26369,TCP,Online
147.185.221.31,26371,TCP,Online
147.185.221.31,26378,TCP,Online
147.185.221.31,26384,TCP,Online
147.185.221.31,26394,TCP,Online
147.185.221.31,26408,TCP,Online
147.185.221.31,26409,TCP,Online
147.185.221.31,26411,TCP,Online
147.185.221.31,26418,TCP,Online
147.185.221.31,26426,TCP,Online
147.185.221.31,26431,TCP,Online
147.185.221.31,26435,TCP,Online
147.185.221.31,26446,TCP,Online
147.185.221.31,26452,TCP,Online
147.185.221.31,26455,TCP,Online
147.185.221.31,26471,TCP,Online
147.185.221.31,26480,TCP,Online
147.185.221.31,26483,TCP,Online
147.185.221.31,26485,TCP,Online
147.185.221.31,26491,TCP,Online
147.185.221.31,26516,TCP,Online
147.185.221.31,26517,TCP,Online
147.185.221.31,26523,TCP,Online
147.185.221.31,26531,TCP,Online
147.185.221.31,26533,TCP,Online
147.185.221.31,26538,TCP,Online
147.185.221.31,26539,TCP,Online
147.185.221.31,26549,TCP,Online
147.185.221.31,26552,TCP,Online
147.185.221.31,26556,TCP,Online
147.185.221.31,26570,TCP,Online
147.185.221.31,26574,TCP,Online
147.185.221.31,26579,TCP,Online
147.185.221.31,26589,TCP,Online
147.185.221.31,26596,TCP,Online
147.185.221.31,26621,TCP,Online
147.185.221.31,26636,TCP,Online
147.185.221.31,26656,TCP,Online
147.185.221.31,26672,TCP,Online
147.185.221.31,26673,TCP,Online
147.185.221.31,26677,TCP,Online
147.185.221.31,26680,TCP,Online
147.185.221.31,26689,TCP,Online
147.185.221.31,26693,TCP,Online
147.185.221.31,26705,TCP,Online
147.185.221.31,26723,TCP,Online
147.185.221.31,26727,TCP,Online
147.185.221.31,26728,TCP,Online
147.185.221.31,26738,TCP,Online
147.185.221.31,26743,TCP,Online
147.185.221.31,26757,TCP,Online
147.185.221.31,26774,TCP,Online
147.185.221.31,26779,TCP,Online
147.185.221.31,26799,TCP,Online
147.185.221.31,26803,TCP,Online
147.185.221.31,26807,TCP,Online
147.185.221.31,26836,TCP,Online
147.185.221.31,26839,TCP,Online
147.185.221.31,26847,TCP,Online
147.185.221.31,26848,TCP,Online
147.185.221.31,26851,TCP,Online
147.185.221.31,26855,TCP,Online
147.185.221.31,26861,TCP,Online
147.185.221.31,26871,TCP,Online
147.185.221.31,26886,TCP,Online
147.185.221.31,26889,TCP,Online
147.185.221.31,26891,TCP,Online
147.185.221.31,26896,TCP,Online
147.185.221.31,26906,TCP,Online
147.185.221.31,26916,TCP,Online
147.185.221.31,26942,TCP,Online
147.185.221.31,26946,TCP,Online
147.185.221.31,26980,TCP,Online
147.185.221.31,26998,TCP,Online
147.185.221.31,27032,TCP,Online
147.185.221.31,27036,TCP,Online
147.185.221.31,27048,TCP,Online
147.185.221.31,27059,TCP,Online
147.185.221.31,27075,TCP,Online
147.185.221.31,27082,TCP,Online
147.185.221.31,27113,TCP,Online
147.185.221.31,27121,TCP,Online
147.185.221.31,27125,TCP,Online
147.185.221.31,27129,TCP,Online
147.185.221.31,27130,TCP,Online
147.185.221.31,27144,TCP,Online
147.185.221.31,27147,TCP,Online
147.185.221.31,27157,TCP,Online
147.185.221.31,27162,TCP,Online
147.185.221.31,27164,TCP,Online
147.185.221.31,27169,TCP,Online
147.185.221.31,27172,TCP,Online
147.185.221.31,27188,TCP,Online
147.185.221.31,27207,TCP,Online
147.185.221.31,27211,TCP,Online
147.185.221.31,27212,TCP,Online
147.185.221.31,27225,TCP,Online
147.185.221.31,27229,TCP,Online
147.185.221.31,27237,TCP,Online
147.185.221.31,27262,TCP,Online
147.185.221.31,27263,TCP,Online
147.185.221.31,27279,TCP,Online
147.185.221.31,27282,TCP,Online
147.185.221.31,27288,TCP,Online
147.185.221.31,27298,TCP,Online
147.185.221.31,27300,TCP,Online
147.185.221.31,27307,TCP,Online
147.185.221.31,27313,TCP,Online
147.185.221.31,27317,TCP,Online
147.185.221.31,27318,TCP,Online
147.185.221.31,27359,TCP,Online
147.185.221.31,27360,TCP,Online
147.185.221.31,27367,TCP,Online
147.185.221.31,27374,TCP,Online
147.185.221.31,27384,TCP,Online
147.185.221.31,27385,TCP,Online
147.185.221.31,27394,TCP,Online
147.185.221.31,27405,TCP,Online
147.185.221.31,27412,TCP,Online
147.185.221.31,27442,TCP,Online
147.185.221.31,27444,TCP,Online
147.185.221.31,27448,TCP,Online
147.185.221.31,27458,TCP,Online
147.185.221.31,27474,TCP,Online
147.185.221.31,27484,TCP,Online
147.185.221.31,27491,TCP,Online
147.185.221.31,27507,TCP,Online
147.185.221.31,27508,TCP,Online
147.185.221.31,27509,TCP,Online
147.185.221.31,27515,TCP,Online
147.185.221.31,27516,TCP,Online
147.185.221.31,27528,TCP,Online
147.185.221.31,27538,TCP,Online
147.185.221.31,27558,TCP,Online
147.185.221.31,27567,TCP,Online
147.185.221.31,27602,TCP,Online
147.185.221.31,27605,TCP,Online
147.185.221.31,27616,TCP,Online
147.185.221.31,27636,TCP,Online
147.185.221.31,27650,TCP,Online
147.185.221.31,27651,TCP,Online
147.185.221.31,27654,TCP,Online
147.185.221.31,27661,TCP,Online
147.185.221.31,27662,TCP,Online
147.185.221.31,27677,TCP,Online
147.185.221.31,27691,TCP,Online
147.185.221.31,27698,TCP,Online
147.185.221.31,27704,TCP,Online
147.185.221.31,27710,TCP,Online
147.185.221.31,27724,TCP,Online
147.185.221.31,27726,TCP,Online
147.185.221.31,27731,TCP,Online
147.185.221.31,27732,TCP,Online
147.185.221.31,27740,TCP,Online
147.185.221.31,27746,TCP,Online
147.185.221.31,27752,TCP,Online
147.185.221.31,27755,TCP,Online
147.185.221.31,27756,TCP,Online
147.185.221.31,27763,TCP,Online
147.185.221.31,27767,TCP,Online
147.185.221.31,27771,TCP,Online
147.185.221.31,27783,TCP,Online
147.185.221.31,27784,TCP,Online
147.185.221.31,27788,TCP,Online
147.185.221.31,27803,TCP,Online
147.185.221.31,27821,TCP,Online
147.185.221.31,27837,TCP,Online
147.185.221.31,27838,TCP,Online
147.185.221.31,27843,TCP,Online
147.185.221.31,27845,TCP,Online
147.185.221.31,27848,TCP,Online
147.185.221.31,27850,TCP,Online
147.185.221.31,27854,TCP,Online
147.185.221.31,27855,TCP,Online
147.185.221.31,27857,TCP,Online
147.185.221.31,27859,TCP,Online
147.185.221.31,27877,TCP,Online
147.185.221.31,27883,TCP,Online
147.185.221.31,27895,TCP,Online
147.185.221.31,27902,TCP,Online
147.185.221.31,27907,TCP,Online
147.185.221.31,27913,TCP,Online
147.185.221.31,27921,TCP,Online
147.185.221.31,27928,TCP,Online
147.185.221.31,27946,TCP,Online
147.185.221.31,27951,TCP,Online
147.185.221.31,27958,TCP,Online
147.185.221.31,27959,TCP,Online
147.185.221.31,27964,TCP,Online
147.185.221.31,27982,TCP,Online
147.185.221.31,27984,TCP,Online
147.185.221.31,27985,TCP,Online
147.185.221.31,28000,TCP,Online
147.185.221.31,28012,TCP,Online
147.185.221.31,28021,TCP,Online
147.185.221.31,28023,TCP,Online
147.185.221.31,28043,TCP,Online
147.185.221.31,28044,TCP,Online
147.185.221.31,28046,TCP,Online
147.185.221.31,28052,TCP,Online
147.185.221.31,28053,TCP,Online
147.185.221.31,28054,TCP,Online
147.185.221.31,28055,TCP,Online
147.185.221.31,28057,TCP,Online
147.185.221.31,28058,TCP,Online
147.185.221.31,28062,TCP,Online
147.185.221.31,28071,TCP,Online
147.185.221.31,28072,TCP,Online
147.185.221.31,28074,TCP,Online
147.185.221.31,28087,TCP,Online
147.185.221.31,28102,TCP,Online
147.185.221.31,28103,TCP,Online
147.185.221.31,28108,TCP,Online
147.185.221.31,28116,TCP,Online
147.185.221.31,28133,TCP,Online
147.185.221.31,28134,TCP,Online
147.185.221.31,28143,TCP,Online
147.185.221.31,28144,TCP,Online
147.185.221.31,28174,TCP,Online
147.185.221.31,28179,TCP,Online
147.185.221.31,28180,TCP,Online
147.185.221.31,28181,TCP,Online
147.185.221.31,28184,TCP,Online
147.185.221.31,28187,TCP,Online
147.185.221.31,28193,TCP,Online
